{
  "Balinga": [
    79.61154901071131,
    74.56208812406476,
    60.06174039722828,
    39.861757088567174,
    27.361492887253007,
    20.06723764887647,
    11.285489656978825,
    3.9204509408138506,
    23.046171237906947,
    33.68371448007019,
    50.75960865702109,
    64.38164805951237
  ],
  "Atrai": [
    69.34085276616679,
    56.9931471075397,
    36.7508026021751,
    22.552473047860985,
    12.262031623784424,
    14.81468595503884,
    8.716837317512272,
    26.57263489950128,
    31.985794663782144,
    41.55651758759632,
    44.00163923650689,
    47.995317956498184
  ],
  "Naogaon": [
    70.01910763955675,
    62.79368197027361,
    35.267329587368295,
    15.19845852110302,
    15.22792416716402,
    9.843754888919648,
    3.9769008766415936,
    26.116543400348746,
    37.52913634953438,
    22.453295559622347,
    46.655036418524105,
    48.998413856024854
  ],
  "Mohadevpur": [
    66.41108023526613,
    55.030660681193694,
    39.30752526392462,
    24.467732183780754,
    16.51312490804412,
    10.698321891657542,
    6.25928350319009,
    26.105978354782565,
    36.32635830598883,
    38.95868481800426,
    37.74268990266137,
    43.91615949769039
  ],
  "Kamarkhali": [
    81.13771277666092,
    66.32918602228165,
    40.287062384188175,
    23.498603258281946,
    9.791521093808115,
    5.090513443574309,
    8.504864090122283,
    16.364825977012515,
    19.997877690941095,
    27.15374445915222,
    36.082820288836956,
    52.0763935148716
  ],
  "Bhagyakul": [
    77.47495194897056,
    65.22943885810673,
    49.311301128938794,
    28.807174157351255,
    11.526218730956316,
    9.069746691500768,
    11.37678056024015,
    14.118413474876434,
    18.712198132183403,
    23.863998474087566,
    29.040098344907165,
    48.443070827052
  ],
  "Goalanda": [
    75.96311669796705,
    65.10154354572296,
    48.34109588712454,
    29.063707657158375,
    16.403027184307575,
    13.001834093593061,
    12.203746506012976,
    9.935860390774906,
    11.469066189602017,
    20.34034239128232,
    29.7537951618433,
    46.44406292960048
  ],
  "Hatibanda": [
    19.82246546447277,
    15.640085309743881,
    2.3458240926265717,
    8.750309348106384,
    24.716756403446198,
    34.25593752413988,
    4.168946597725153,
    17.8434170037508,
    17.607005504425615,
    47.19111433625221,
    73.94486191868782,
    26.20453980192542
  ],
  "Kakina": [
    54.69654580950737,
    32.4006912112236,
    13.674270648509264,
    4.948430173099041,
    6.885215245187283,
    0.21413185447454453,
    0.0,
    22.92406715452671,
    61.07412472367287,
    72.67081344127655,
    61.93119993805885,
    37.70812730491161
  ],
  "Nageshwari": [
    57.27353096008301,
    36.84248065948486,
    12.545114994049072,
    3.36492657661438,
    10.221299171447754,
    1.3871290683746338,
    0.0,
    13.7675461769104,
    59.84200859069824,
    72.63076400756836,
    69.13946151733398,
    37.448668479919434
  ],
  "Rowmari": [
    71.9682731628418,
    40.49336051940918,
    29.13720989227295,
    23.893017768859863,
    7.182333469390869,
    0.0,
    0.0,
    27.246127128601074,
    67.87415313720703,
    70.97156715393066,
    51.36223602294922,
    38.178720474243164
  ],
  "Ulipur": [
    43.33977937698364,
    29.74267578125,
    7.088576540350914,
    7.87835693359375,
    5.2287837266922,
    0.6866019368171692,
    0.0,
    18.019670724868774,
    53.513662815093994,
    69.45811748504639,
    64.53265523910522,
    27.0439236164093
  ],
  "Chilmari": [
    52.630002930760384,
    26.67014385201037,
    11.280132064595819,
    1.79543881455902,
    15.348645506892353,
    4.419343572575599,
    0.0,
    12.826442742720246,
    45.84507818520069,
    62.81911766529083,
    67.33414650335908,
    34.54388199746609
  ],
  "Kharkharia": [
    59.48935332894325,
    29.551391288638115,
    13.220338113605976,
    8.495796166360378,
    8.115448907017708,
    1.1281001511961222,
    0.22686901688575745,
    24.859148047864437,
    40.88560751080513,
    68.9762496650219,
    66.24917623400688,
    27.740341693162918
  ],
  "Polashi": [
    64.25638686865568,
    39.35907119931653,
    16.482505910098553,
    12.321766234003007,
    5.870259107556194,
    0.780464768409729,
    0.0,
    17.297518538311124,
    52.01433837413788,
    69.66305308043957,
    62.5959839373827,
    36.51613324135542
  ]
}